prompt_id,category,stress_type,prompt,negative_prompt,seed,split
kill_text_heavy_001,text-heavy,dense_multiline_copy,"centered poster composition of a transit departure board on a matte paper poster, the primary readable text says ""North Pier 06:45"", clear punctuation and separators, realistic print texture, 1024x1024 composition.","blurry text, illegible letters, warped glyphs, extra characters, watermark, heavy noise, oversmoothing",110001,kill
kill_text_heavy_002,text-heavy,stacked_wayfinding,"rectified signage capture of a stadium entrance banner under warm cafe lighting, the primary readable text says ""North Pier Counter Service"", mixed uppercase and numerals, realistic print texture, 1024x1024 composition.","blurry text, illegible letters, warped glyphs, extra characters, watermark, heavy noise, oversmoothing",110002,kill
kill_text_heavy_003,text-heavy,packaging_microtype,"tight shelf-level crop of a museum exhibit placard at a trade show booth, the primary readable text says ""North Pier Batch 17"", small secondary copy under the headline, realistic print texture, 1024x1024 composition.","blurry text, illegible letters, warped glyphs, extra characters, watermark, heavy noise, oversmoothing",110003,kill
kill_text_heavy_004,text-heavy,menu_tabular_text,"slightly angled close-up of a conference schedule screen beside a sunlit storefront window, the primary readable text says ""Gate B12 Tickets Here"", sharp kerning and even line spacing, realistic print texture, 1024x1024 composition.","blurry text, illegible letters, warped glyphs, extra characters, watermark, heavy noise, oversmoothing",110004,kill
kill_text_heavy_005,text-heavy,screen_text_glare,"overhead flat-lay framing of a bookstore display sign inside a quiet hotel lobby, the primary readable text says ""Gate B12 Final Call"", minimal background distraction, realistic print texture, 1024x1024 composition.","blurry text, illegible letters, warped glyphs, extra characters, watermark, heavy noise, oversmoothing",110005,kill
kill_text_heavy_006,text-heavy,condensed_lettering,"eye-level product shot of a hardware aisle instruction label in a fluorescent station concourse, the primary readable text says ""Fresh Soba Open Daily"", crisp printed texture, realistic print texture, 1024x1024 composition.","blurry text, illegible letters, warped glyphs, extra characters, watermark, heavy noise, oversmoothing",110006,kill
kill_text_heavy_007,text-heavy,dense_multiline_copy,"front-facing documentary crop of a hotel wayfinding directory mounted on brushed steel, the primary readable text says ""Fresh Soba Fragile Glass"", a dense but readable layout, realistic print texture, 1024x1024 composition.","blurry text, illegible letters, warped glyphs, extra characters, watermark, heavy noise, oversmoothing",110007,kill
kill_text_heavy_008,text-heavy,stacked_wayfinding,"clean kiosk photo of a corner cafe menu board on a warehouse shelf, the primary readable text says ""Fresh Soba Lot 24A"", thin divider rules between lines, realistic print texture, 1024x1024 composition.","blurry text, illegible letters, warped glyphs, extra characters, watermark, heavy noise, oversmoothing",110008,kill
kill_text_heavy_009,text-heavy,packaging_microtype,"centered poster composition of a shipping carton label on a matte paper poster, the primary readable text says ""Exhibit Hall No Flash"", clear punctuation and separators, realistic print texture, 1024x1024 composition.","blurry text, illegible letters, warped glyphs, extra characters, watermark, heavy noise, oversmoothing",110009,kill
kill_text_heavy_010,text-heavy,menu_tabular_text,"rectified signage capture of a pharmacy shelf label strip under warm cafe lighting, the primary readable text says ""Exhibit Hall Reserved Seating"", mixed uppercase and numerals, realistic print texture, 1024x1024 composition.","blurry text, illegible letters, warped glyphs, extra characters, watermark, heavy noise, oversmoothing",110010,kill
kill_text_heavy_011,text-heavy,screen_text_glare,"tight shelf-level crop of a tea package front panel at a trade show booth, the primary readable text says ""Seat Row C Handle With Care"", small secondary copy under the headline, realistic print texture, 1024x1024 composition.","blurry text, illegible letters, warped glyphs, extra characters, watermark, heavy noise, oversmoothing",110011,kill
kill_text_heavy_012,text-heavy,condensed_lettering,"slightly angled close-up of a bakery price card wall beside a sunlit storefront window, the primary readable text says ""Seat Row C East Entrance"", sharp kerning and even line spacing, realistic print texture, 1024x1024 composition.","blurry text, illegible letters, warped glyphs, extra characters, watermark, heavy noise, oversmoothing",110012,kill
kill_text_heavy_013,text-heavy,dense_multiline_copy,"overhead flat-lay framing of a transit departure board inside a quiet hotel lobby, the primary readable text says ""Track 4 06:45"", minimal background distraction, realistic print texture, 1024x1024 composition.","blurry text, illegible letters, warped glyphs, extra characters, watermark, heavy noise, oversmoothing",110013,kill
kill_text_heavy_014,text-heavy,stacked_wayfinding,"eye-level product shot of a stadium entrance banner in a fluorescent station concourse, the primary readable text says ""Track 4 Counter Service"", crisp printed texture, realistic print texture, 1024x1024 composition.","blurry text, illegible letters, warped glyphs, extra characters, watermark, heavy noise, oversmoothing",110014,kill
kill_text_heavy_015,text-heavy,packaging_microtype,"front-facing documentary crop of a museum exhibit placard mounted on brushed steel, the primary readable text says ""Track 4 Batch 17"", a dense but readable layout, realistic print texture, 1024x1024 composition.","blurry text, illegible letters, warped glyphs, extra characters, watermark, heavy noise, oversmoothing",110015,kill
kill_text_heavy_016,text-heavy,menu_tabular_text,"clean kiosk photo of a conference schedule screen on a warehouse shelf, the primary readable text says ""Repair Desk Tickets Here"", thin divider rules between lines, realistic print texture, 1024x1024 composition.","blurry text, illegible letters, warped glyphs, extra characters, watermark, heavy noise, oversmoothing",110016,kill
kill_text_heavy_017,text-heavy,screen_text_glare,"centered poster composition of a bookstore display sign on a matte paper poster, the primary readable text says ""Repair Desk Final Call"", clear punctuation and separators, realistic print texture, 1024x1024 composition.","blurry text, illegible letters, warped glyphs, extra characters, watermark, heavy noise, oversmoothing",110017,kill
kill_text_heavy_018,text-heavy,condensed_lettering,"rectified signage capture of a hardware aisle instruction label under warm cafe lighting, the primary readable text says ""Studio Nine Open Daily"", mixed uppercase and numerals, realistic print texture, 1024x1024 composition.","blurry text, illegible letters, warped glyphs, extra characters, watermark, heavy noise, oversmoothing",110018,kill
kill_text_heavy_019,text-heavy,dense_multiline_copy,"tight shelf-level crop of a hotel wayfinding directory at a trade show booth, the primary readable text says ""Studio Nine Fragile Glass"", small secondary copy under the headline, realistic print texture, 1024x1024 composition.","blurry text, illegible letters, warped glyphs, extra characters, watermark, heavy noise, oversmoothing",110019,kill
kill_text_heavy_020,text-heavy,stacked_wayfinding,"slightly angled close-up of a corner cafe menu board beside a sunlit storefront window, the primary readable text says ""Studio Nine Lot 24A"", sharp kerning and even line spacing, realistic print texture, 1024x1024 composition.","blurry text, illegible letters, warped glyphs, extra characters, watermark, heavy noise, oversmoothing",110020,kill
kill_text_heavy_021,text-heavy,packaging_microtype,"overhead flat-lay framing of a shipping carton label inside a quiet hotel lobby, the primary readable text says ""Section F No Flash"", minimal background distraction, realistic print texture, 1024x1024 composition.","blurry text, illegible letters, warped glyphs, extra characters, watermark, heavy noise, oversmoothing",110021,kill
kill_text_heavy_022,text-heavy,menu_tabular_text,"eye-level product shot of a pharmacy shelf label strip in a fluorescent station concourse, the primary readable text says ""Section F Reserved Seating"", crisp printed texture, realistic print texture, 1024x1024 composition.","blurry text, illegible letters, warped glyphs, extra characters, watermark, heavy noise, oversmoothing",110022,kill
kill_text_heavy_023,text-heavy,screen_text_glare,"front-facing documentary crop of a tea package front panel mounted on brushed steel, the primary readable text says ""Harbor Line Handle With Care"", a dense but readable layout, realistic print texture, 1024x1024 composition.","blurry text, illegible letters, warped glyphs, extra characters, watermark, heavy noise, oversmoothing",110023,kill
kill_text_heavy_024,text-heavy,condensed_lettering,"clean kiosk photo of a bakery price card wall on a warehouse shelf, the primary readable text says ""Harbor Line East Entrance"", thin divider rules between lines, realistic print texture, 1024x1024 composition.","blurry text, illegible letters, warped glyphs, extra characters, watermark, heavy noise, oversmoothing",110024,kill
kill_text_heavy_025,text-heavy,dense_multiline_copy,"centered poster composition of a transit departure board on a matte paper poster, the primary readable text says ""Clinic Window 06:45"", clear punctuation and separators, realistic print texture, 1024x1024 composition.","blurry text, illegible letters, warped glyphs, extra characters, watermark, heavy noise, oversmoothing",110025,kill
kill_text_heavy_026,text-heavy,stacked_wayfinding,"rectified signage capture of a stadium entrance banner under warm cafe lighting, the primary readable text says ""Clinic Window Counter Service"", mixed uppercase and numerals, realistic print texture, 1024x1024 composition.","blurry text, illegible letters, warped glyphs, extra characters, watermark, heavy noise, oversmoothing",110026,kill
kill_text_heavy_027,text-heavy,packaging_microtype,"tight shelf-level crop of a museum exhibit placard at a trade show booth, the primary readable text says ""Clinic Window Batch 17"", small secondary copy under the headline, realistic print texture, 1024x1024 composition.","blurry text, illegible letters, warped glyphs, extra characters, watermark, heavy noise, oversmoothing",110027,kill
kill_text_heavy_028,text-heavy,menu_tabular_text,"slightly angled close-up of a conference schedule screen beside a sunlit storefront window, the primary readable text says ""Parcel Bay Tickets Here"", sharp kerning and even line spacing, realistic print texture, 1024x1024 composition.","blurry text, illegible letters, warped glyphs, extra characters, watermark, heavy noise, oversmoothing",110028,kill
kill_text_heavy_029,text-heavy,screen_text_glare,"overhead flat-lay framing of a bookstore display sign inside a quiet hotel lobby, the primary readable text says ""Parcel Bay Final Call"", minimal background distraction, realistic print texture, 1024x1024 composition.","blurry text, illegible letters, warped glyphs, extra characters, watermark, heavy noise, oversmoothing",110029,kill
kill_text_heavy_030,text-heavy,condensed_lettering,"eye-level product shot of a hardware aisle instruction label in a fluorescent station concourse, the primary readable text says ""Quiet Study Open Daily"", crisp printed texture, realistic print texture, 1024x1024 composition.","blurry text, illegible letters, warped glyphs, extra characters, watermark, heavy noise, oversmoothing",110030,kill
kill_text_heavy_031,text-heavy,dense_multiline_copy,"front-facing documentary crop of a hotel wayfinding directory mounted on brushed steel, the primary readable text says ""Quiet Study Fragile Glass"", a dense but readable layout, realistic print texture, 1024x1024 composition.","blurry text, illegible letters, warped glyphs, extra characters, watermark, heavy noise, oversmoothing",110031,kill
kill_text_heavy_032,text-heavy,stacked_wayfinding,"clean kiosk photo of a corner cafe menu board on a warehouse shelf, the primary readable text says ""Quiet Study Lot 24A"", thin divider rules between lines, realistic print texture, 1024x1024 composition.","blurry text, illegible letters, warped glyphs, extra characters, watermark, heavy noise, oversmoothing",110032,kill
kill_text_heavy_033,text-heavy,packaging_microtype,"centered poster composition of a shipping carton label on a matte paper poster, the primary readable text says ""North Pier No Flash"", clear punctuation and separators, realistic print texture, 1024x1024 composition.","blurry text, illegible letters, warped glyphs, extra characters, watermark, heavy noise, oversmoothing",110033,kill
kill_text_heavy_034,text-heavy,menu_tabular_text,"rectified signage capture of a pharmacy shelf label strip under warm cafe lighting, the primary readable text says ""North Pier Reserved Seating"", mixed uppercase and numerals, realistic print texture, 1024x1024 composition.","blurry text, illegible letters, warped glyphs, extra characters, watermark, heavy noise, oversmoothing",110034,kill
kill_text_heavy_035,text-heavy,screen_text_glare,"tight shelf-level crop of a tea package front panel at a trade show booth, the primary readable text says ""Gate B12 Handle With Care"", small secondary copy under the headline, realistic print texture, 1024x1024 composition.","blurry text, illegible letters, warped glyphs, extra characters, watermark, heavy noise, oversmoothing",110035,kill
kill_text_heavy_036,text-heavy,condensed_lettering,"slightly angled close-up of a bakery price card wall beside a sunlit storefront window, the primary readable text says ""Gate B12 East Entrance"", sharp kerning and even line spacing, realistic print texture, 1024x1024 composition.","blurry text, illegible letters, warped glyphs, extra characters, watermark, heavy noise, oversmoothing",110036,kill
kill_text_heavy_037,text-heavy,dense_multiline_copy,"overhead flat-lay framing of a transit departure board inside a quiet hotel lobby, the primary readable text says ""Fresh Soba 06:45"", minimal background distraction, realistic print texture, 1024x1024 composition.","blurry text, illegible letters, warped glyphs, extra characters, watermark, heavy noise, oversmoothing",110037,kill
kill_text_heavy_038,text-heavy,stacked_wayfinding,"eye-level product shot of a stadium entrance banner in a fluorescent station concourse, the primary readable text says ""Fresh Soba Counter Service"", crisp printed texture, realistic print texture, 1024x1024 composition.","blurry text, illegible letters, warped glyphs, extra characters, watermark, heavy noise, oversmoothing",110038,kill
kill_text_heavy_039,text-heavy,packaging_microtype,"front-facing documentary crop of a museum exhibit placard mounted on brushed steel, the primary readable text says ""Fresh Soba Batch 17"", a dense but readable layout, realistic print texture, 1024x1024 composition.","blurry text, illegible letters, warped glyphs, extra characters, watermark, heavy noise, oversmoothing",110039,kill
kill_text_heavy_040,text-heavy,menu_tabular_text,"clean kiosk photo of a conference schedule screen on a warehouse shelf, the primary readable text says ""Exhibit Hall Tickets Here"", thin divider rules between lines, realistic print texture, 1024x1024 composition.","blurry text, illegible letters, warped glyphs, extra characters, watermark, heavy noise, oversmoothing",110040,kill
kill_text_heavy_041,text-heavy,screen_text_glare,"centered poster composition of a bookstore display sign on a matte paper poster, the primary readable text says ""Exhibit Hall Final Call"", clear punctuation and separators, realistic print texture, 1024x1024 composition.","blurry text, illegible letters, warped glyphs, extra characters, watermark, heavy noise, oversmoothing",110041,kill
kill_text_heavy_042,text-heavy,condensed_lettering,"rectified signage capture of a hardware aisle instruction label under warm cafe lighting, the primary readable text says ""Seat Row C Open Daily"", mixed uppercase and numerals, realistic print texture, 1024x1024 composition.","blurry text, illegible letters, warped glyphs, extra characters, watermark, heavy noise, oversmoothing",110042,kill
kill_text_heavy_043,text-heavy,dense_multiline_copy,"tight shelf-level crop of a hotel wayfinding directory at a trade show booth, the primary readable text says ""Seat Row C Fragile Glass"", small secondary copy under the headline, realistic print texture, 1024x1024 composition.","blurry text, illegible letters, warped glyphs, extra characters, watermark, heavy noise, oversmoothing",110043,kill
kill_text_heavy_044,text-heavy,stacked_wayfinding,"slightly angled close-up of a corner cafe menu board beside a sunlit storefront window, the primary readable text says ""Seat Row C Lot 24A"", sharp kerning and even line spacing, realistic print texture, 1024x1024 composition.","blurry text, illegible letters, warped glyphs, extra characters, watermark, heavy noise, oversmoothing",110044,kill
kill_text_heavy_045,text-heavy,packaging_microtype,"overhead flat-lay framing of a shipping carton label inside a quiet hotel lobby, the primary readable text says ""Track 4 No Flash"", minimal background distraction, realistic print texture, 1024x1024 composition.","blurry text, illegible letters, warped glyphs, extra characters, watermark, heavy noise, oversmoothing",110045,kill
kill_text_heavy_046,text-heavy,menu_tabular_text,"eye-level product shot of a pharmacy shelf label strip in a fluorescent station concourse, the primary readable text says ""Track 4 Reserved Seating"", crisp printed texture, realistic print texture, 1024x1024 composition.","blurry text, illegible letters, warped glyphs, extra characters, watermark, heavy noise, oversmoothing",110046,kill
kill_text_heavy_047,text-heavy,screen_text_glare,"front-facing documentary crop of a tea package front panel mounted on brushed steel, the primary readable text says ""Repair Desk Handle With Care"", a dense but readable layout, realistic print texture, 1024x1024 composition.","blurry text, illegible letters, warped glyphs, extra characters, watermark, heavy noise, oversmoothing",110047,kill
kill_text_heavy_048,text-heavy,condensed_lettering,"clean kiosk photo of a bakery price card wall on a warehouse shelf, the primary readable text says ""Repair Desk East Entrance"", thin divider rules between lines, realistic print texture, 1024x1024 composition.","blurry text, illegible letters, warped glyphs, extra characters, watermark, heavy noise, oversmoothing",110048,kill
kill_thin_boundary_001,thin-boundary,glass_rim,"macro close-up of a wine glass rim against pale gray paper, overlapping lines do not merge, minimal clutter, highly detailed boundaries, realistic optical transitions.","thick merged edges, broken contours, blob artifacts, oversmoothing, halos, noisy background, low detail",111001,kill
kill_thin_boundary_002,thin-boundary,wire_mesh,"side-lit detail study of a wine glass rim with rainy street bokeh behind it, delicate mesh geometry stays distinct, minimal clutter, highly detailed boundaries, realistic optical transitions.","thick merged edges, broken contours, blob artifacts, oversmoothing, halos, noisy background, low detail",111002,kill
kill_thin_boundary_003,thin-boundary,lace_edge,"backlit profile crop of a wine glass rim beside a foggy window, minute filigree gaps remain open, minimal clutter, highly detailed boundaries, realistic optical transitions.","thick merged edges, broken contours, blob artifacts, oversmoothing, halos, noisy background, low detail",111003,kill
kill_thin_boundary_004,thin-boundary,reflective_trim,"tight tabletop shot of a wine glass rim over a dark wooden table, narrow bright rims stay continuous, minimal clutter, highly detailed boundaries, realistic optical transitions.","thick merged edges, broken contours, blob artifacts, oversmoothing, halos, noisy background, low detail",111004,kill
kill_thin_boundary_005,thin-boundary,branch_silhouette,"overhead still-life crop of a wine glass rim against a soft blue studio sweep, fragile silhouettes hold their shape, minimal clutter, highly detailed boundaries, realistic optical transitions.","thick merged edges, broken contours, blob artifacts, oversmoothing, halos, noisy background, low detail",111005,kill
kill_thin_boundary_006,thin-boundary,transparent_rib,"shallow-focus field photo of a wine glass rim in cool overcast daylight, hairline contours remain clean, minimal clutter, highly detailed boundaries, realistic optical transitions.","thick merged edges, broken contours, blob artifacts, oversmoothing, halos, noisy background, low detail",111006,kill
kill_thin_boundary_007,thin-boundary,glass_rim,"studio silhouette capture of a wine glass rim against black velvet, fine transparent edges stay visible, minimal clutter, highly detailed boundaries, realistic optical transitions.","thick merged edges, broken contours, blob artifacts, oversmoothing, halos, noisy background, low detail",111007,kill
kill_thin_boundary_008,thin-boundary,wire_mesh,"macro close-up of a dragonfly wing lattice against pale gray paper, thin reflective outlines separate from the background, minimal clutter, highly detailed boundaries, realistic optical transitions.","thick merged edges, broken contours, blob artifacts, oversmoothing, halos, noisy background, low detail",111008,kill
kill_thin_boundary_009,thin-boundary,lace_edge,"side-lit detail study of a dragonfly wing lattice with rainy street bokeh behind it, overlapping lines do not merge, minimal clutter, highly detailed boundaries, realistic optical transitions.","thick merged edges, broken contours, blob artifacts, oversmoothing, halos, noisy background, low detail",111009,kill
kill_thin_boundary_010,thin-boundary,reflective_trim,"backlit profile crop of a dragonfly wing lattice beside a foggy window, delicate mesh geometry stays distinct, minimal clutter, highly detailed boundaries, realistic optical transitions.","thick merged edges, broken contours, blob artifacts, oversmoothing, halos, noisy background, low detail",111010,kill
kill_thin_boundary_011,thin-boundary,branch_silhouette,"tight tabletop shot of a dragonfly wing lattice over a dark wooden table, minute filigree gaps remain open, minimal clutter, highly detailed boundaries, realistic optical transitions.","thick merged edges, broken contours, blob artifacts, oversmoothing, halos, noisy background, low detail",111011,kill
kill_thin_boundary_012,thin-boundary,transparent_rib,"overhead still-life crop of a dragonfly wing lattice against a soft blue studio sweep, narrow bright rims stay continuous, minimal clutter, highly detailed boundaries, realistic optical transitions.","thick merged edges, broken contours, blob artifacts, oversmoothing, halos, noisy background, low detail",111012,kill
kill_thin_boundary_013,thin-boundary,glass_rim,"shallow-focus field photo of a dragonfly wing lattice against warm candlelit darkness, fragile silhouettes hold their shape, minimal clutter, highly detailed boundaries, realistic optical transitions.","thick merged edges, broken contours, blob artifacts, oversmoothing, halos, noisy background, low detail",111013,kill
kill_thin_boundary_014,thin-boundary,wire_mesh,"studio silhouette capture of a dragonfly wing lattice against black velvet, hairline contours remain clean, minimal clutter, highly detailed boundaries, realistic optical transitions.","thick merged edges, broken contours, blob artifacts, oversmoothing, halos, noisy background, low detail",111014,kill
kill_thin_boundary_015,thin-boundary,lace_edge,"macro close-up of silver bicycle spokes against pale gray paper, fine transparent edges stay visible, minimal clutter, highly detailed boundaries, realistic optical transitions.","thick merged edges, broken contours, blob artifacts, oversmoothing, halos, noisy background, low detail",111015,kill
kill_thin_boundary_016,thin-boundary,reflective_trim,"side-lit detail study of silver bicycle spokes with rainy street bokeh behind it, thin reflective outlines separate from the background, minimal clutter, highly detailed boundaries, realistic optical transitions.","thick merged edges, broken contours, blob artifacts, oversmoothing, halos, noisy background, low detail",111016,kill
kill_thin_boundary_017,thin-boundary,branch_silhouette,"backlit profile crop of silver bicycle spokes beside a foggy window, overlapping lines do not merge, minimal clutter, highly detailed boundaries, realistic optical transitions.","thick merged edges, broken contours, blob artifacts, oversmoothing, halos, noisy background, low detail",111017,kill
kill_thin_boundary_018,thin-boundary,transparent_rib,"tight tabletop shot of silver bicycle spokes over a dark wooden table, delicate mesh geometry stays distinct, minimal clutter, highly detailed boundaries, realistic optical transitions.","thick merged edges, broken contours, blob artifacts, oversmoothing, halos, noisy background, low detail",111018,kill
kill_thin_boundary_019,thin-boundary,glass_rim,"overhead still-life crop of silver bicycle spokes against a soft blue studio sweep, minute filigree gaps remain open, minimal clutter, highly detailed boundaries, realistic optical transitions.","thick merged edges, broken contours, blob artifacts, oversmoothing, halos, noisy background, low detail",111019,kill
kill_thin_boundary_020,thin-boundary,wire_mesh,"shallow-focus field photo of silver bicycle spokes against warm candlelit darkness, narrow bright rims stay continuous, minimal clutter, highly detailed boundaries, realistic optical transitions.","thick merged edges, broken contours, blob artifacts, oversmoothing, halos, noisy background, low detail",111020,kill
kill_thin_boundary_021,thin-boundary,lace_edge,"museum-display close-up of silver bicycle spokes in cool overcast daylight, fragile silhouettes hold their shape, minimal clutter, highly detailed boundaries, realistic optical transitions.","thick merged edges, broken contours, blob artifacts, oversmoothing, halos, noisy background, low detail",111021,kill
kill_thin_boundary_022,thin-boundary,reflective_trim,"macro close-up of a lace wedding veil edge against pale gray paper, hairline contours remain clean, minimal clutter, highly detailed boundaries, realistic optical transitions.","thick merged edges, broken contours, blob artifacts, oversmoothing, halos, noisy background, low detail",111022,kill
kill_thin_boundary_023,thin-boundary,branch_silhouette,"side-lit detail study of a lace wedding veil edge with rainy street bokeh behind it, fine transparent edges stay visible, minimal clutter, highly detailed boundaries, realistic optical transitions.","thick merged edges, broken contours, blob artifacts, oversmoothing, halos, noisy background, low detail",111023,kill
kill_thin_boundary_024,thin-boundary,transparent_rib,"backlit profile crop of a lace wedding veil edge beside a foggy window, thin reflective outlines separate from the background, minimal clutter, highly detailed boundaries, realistic optical transitions.","thick merged edges, broken contours, blob artifacts, oversmoothing, halos, noisy background, low detail",111024,kill
kill_thin_boundary_025,thin-boundary,glass_rim,"tight tabletop shot of a lace wedding veil edge over a dark wooden table, overlapping lines do not merge, minimal clutter, highly detailed boundaries, realistic optical transitions.","thick merged edges, broken contours, blob artifacts, oversmoothing, halos, noisy background, low detail",111025,kill
kill_thin_boundary_026,thin-boundary,wire_mesh,"overhead still-life crop of a lace wedding veil edge against a soft blue studio sweep, delicate mesh geometry stays distinct, minimal clutter, highly detailed boundaries, realistic optical transitions.","thick merged edges, broken contours, blob artifacts, oversmoothing, halos, noisy background, low detail",111026,kill
kill_thin_boundary_027,thin-boundary,lace_edge,"shallow-focus field photo of a lace wedding veil edge against warm candlelit darkness, minute filigree gaps remain open, minimal clutter, highly detailed boundaries, realistic optical transitions.","thick merged edges, broken contours, blob artifacts, oversmoothing, halos, noisy background, low detail",111027,kill
kill_thin_boundary_028,thin-boundary,reflective_trim,"museum-display close-up of a lace wedding veil edge in cool overcast daylight, narrow bright rims stay continuous, minimal clutter, highly detailed boundaries, realistic optical transitions.","thick merged edges, broken contours, blob artifacts, oversmoothing, halos, noisy background, low detail",111028,kill
kill_thin_boundary_029,thin-boundary,branch_silhouette,"macro close-up of clear umbrella ribs against black velvet, fragile silhouettes hold their shape, minimal clutter, highly detailed boundaries, realistic optical transitions.","thick merged edges, broken contours, blob artifacts, oversmoothing, halos, noisy background, low detail",111029,kill
kill_thin_boundary_030,thin-boundary,transparent_rib,"side-lit detail study of clear umbrella ribs with rainy street bokeh behind it, hairline contours remain clean, minimal clutter, highly detailed boundaries, realistic optical transitions.","thick merged edges, broken contours, blob artifacts, oversmoothing, halos, noisy background, low detail",111030,kill
kill_thin_boundary_031,thin-boundary,glass_rim,"backlit profile crop of clear umbrella ribs beside a foggy window, fine transparent edges stay visible, minimal clutter, highly detailed boundaries, realistic optical transitions.","thick merged edges, broken contours, blob artifacts, oversmoothing, halos, noisy background, low detail",111031,kill
kill_thin_boundary_032,thin-boundary,wire_mesh,"tight tabletop shot of clear umbrella ribs over a dark wooden table, thin reflective outlines separate from the background, minimal clutter, highly detailed boundaries, realistic optical transitions.","thick merged edges, broken contours, blob artifacts, oversmoothing, halos, noisy background, low detail",111032,kill
kill_thin_boundary_033,thin-boundary,lace_edge,"overhead still-life crop of clear umbrella ribs against a soft blue studio sweep, overlapping lines do not merge, minimal clutter, highly detailed boundaries, realistic optical transitions.","thick merged edges, broken contours, blob artifacts, oversmoothing, halos, noisy background, low detail",111033,kill
kill_thin_boundary_034,thin-boundary,reflective_trim,"shallow-focus field photo of clear umbrella ribs against warm candlelit darkness, delicate mesh geometry stays distinct, minimal clutter, highly detailed boundaries, realistic optical transitions.","thick merged edges, broken contours, blob artifacts, oversmoothing, halos, noisy background, low detail",111034,kill
kill_thin_boundary_035,thin-boundary,branch_silhouette,"museum-display close-up of clear umbrella ribs in cool overcast daylight, minute filigree gaps remain open, minimal clutter, highly detailed boundaries, realistic optical transitions.","thick merged edges, broken contours, blob artifacts, oversmoothing, halos, noisy background, low detail",111035,kill
kill_thin_boundary_036,thin-boundary,transparent_rib,"macro close-up of violin strings over dark wood against black velvet, narrow bright rims stay continuous, minimal clutter, highly detailed boundaries, realistic optical transitions.","thick merged edges, broken contours, blob artifacts, oversmoothing, halos, noisy background, low detail",111036,kill
kill_thin_boundary_037,thin-boundary,glass_rim,"side-lit detail study of violin strings over dark wood against pale gray paper, fragile silhouettes hold their shape, minimal clutter, highly detailed boundaries, realistic optical transitions.","thick merged edges, broken contours, blob artifacts, oversmoothing, halos, noisy background, low detail",111037,kill
kill_thin_boundary_038,thin-boundary,wire_mesh,"backlit profile crop of violin strings over dark wood beside a foggy window, hairline contours remain clean, minimal clutter, highly detailed boundaries, realistic optical transitions.","thick merged edges, broken contours, blob artifacts, oversmoothing, halos, noisy background, low detail",111038,kill
kill_thin_boundary_039,thin-boundary,lace_edge,"tight tabletop shot of violin strings over dark wood over a dark wooden table, fine transparent edges stay visible, minimal clutter, highly detailed boundaries, realistic optical transitions.","thick merged edges, broken contours, blob artifacts, oversmoothing, halos, noisy background, low detail",111039,kill
kill_thin_boundary_040,thin-boundary,reflective_trim,"overhead still-life crop of violin strings over dark wood against a soft blue studio sweep, thin reflective outlines separate from the background, minimal clutter, highly detailed boundaries, realistic optical transitions.","thick merged edges, broken contours, blob artifacts, oversmoothing, halos, noisy background, low detail",111040,kill
kill_thin_boundary_041,thin-boundary,branch_silhouette,"shallow-focus field photo of violin strings over dark wood against warm candlelit darkness, overlapping lines do not merge, minimal clutter, highly detailed boundaries, realistic optical transitions.","thick merged edges, broken contours, blob artifacts, oversmoothing, halos, noisy background, low detail",111041,kill
kill_thin_boundary_042,thin-boundary,transparent_rib,"museum-display close-up of violin strings over dark wood in cool overcast daylight, delicate mesh geometry stays distinct, minimal clutter, highly detailed boundaries, realistic optical transitions.","thick merged edges, broken contours, blob artifacts, oversmoothing, halos, noisy background, low detail",111042,kill
kill_thin_boundary_043,thin-boundary,glass_rim,"macro close-up of a porcelain teacup with gold trim against black velvet, minute filigree gaps remain open, minimal clutter, highly detailed boundaries, realistic optical transitions.","thick merged edges, broken contours, blob artifacts, oversmoothing, halos, noisy background, low detail",111043,kill
kill_thin_boundary_044,thin-boundary,wire_mesh,"side-lit detail study of a porcelain teacup with gold trim against pale gray paper, narrow bright rims stay continuous, minimal clutter, highly detailed boundaries, realistic optical transitions.","thick merged edges, broken contours, blob artifacts, oversmoothing, halos, noisy background, low detail",111044,kill
kill_thin_boundary_045,thin-boundary,lace_edge,"backlit profile crop of a porcelain teacup with gold trim with rainy street bokeh behind it, fragile silhouettes hold their shape, minimal clutter, highly detailed boundaries, realistic optical transitions.","thick merged edges, broken contours, blob artifacts, oversmoothing, halos, noisy background, low detail",111045,kill
kill_thin_boundary_046,thin-boundary,reflective_trim,"tight tabletop shot of a porcelain teacup with gold trim over a dark wooden table, hairline contours remain clean, minimal clutter, highly detailed boundaries, realistic optical transitions.","thick merged edges, broken contours, blob artifacts, oversmoothing, halos, noisy background, low detail",111046,kill
kill_thin_boundary_047,thin-boundary,branch_silhouette,"overhead still-life crop of a porcelain teacup with gold trim against a soft blue studio sweep, fine transparent edges stay visible, minimal clutter, highly detailed boundaries, realistic optical transitions.","thick merged edges, broken contours, blob artifacts, oversmoothing, halos, noisy background, low detail",111047,kill
kill_thin_boundary_048,thin-boundary,transparent_rib,"shallow-focus field photo of a porcelain teacup with gold trim against warm candlelit darkness, thin reflective outlines separate from the background, minimal clutter, highly detailed boundaries, realistic optical transitions.","thick merged edges, broken contours, blob artifacts, oversmoothing, halos, noisy background, low detail",111048,kill
kill_repeated_pattern_001,repeated-pattern,window_grid,"oblique rooftop view of an apartment window grid, dense repeating elements across the frame, with soft indoor daylight, consistent spacing, no single dominant foreground subject.","collapsed repetition, warped grid, random missing units, mushy texture, moire artifacts, low detail",112001,kill
kill_repeated_pattern_002,repeated-pattern,textile_repeat,"oblique rooftop view of an apartment window grid, dense repeating elements across the frame, with alternating color accents, consistent spacing, no single dominant foreground subject.","collapsed repetition, warped grid, random missing units, mushy texture, moire artifacts, low detail",112002,kill
kill_repeated_pattern_003,repeated-pattern,brick_repeat,"tight material close-up of an apartment window grid, dense repeating elements across the frame, with subtle shadows between units, consistent spacing, no single dominant foreground subject.","collapsed repetition, warped grid, random missing units, mushy texture, moire artifacts, low detail",112003,kill
kill_repeated_pattern_004,repeated-pattern,tile_array,"eye-level aisle photograph of an apartment window grid, dense repeating elements across the frame, under even overcast light, consistent spacing, no single dominant foreground subject.","collapsed repetition, warped grid, random missing units, mushy texture, moire artifacts, low detail",112004,kill
kill_repeated_pattern_005,repeated-pattern,panel_grid,"eye-level aisle photograph of an apartment window grid, dense repeating elements across the frame, with glossy highlights on some repeats, consistent spacing, no single dominant foreground subject.","collapsed repetition, warped grid, random missing units, mushy texture, moire artifacts, low detail",112005,kill
kill_repeated_pattern_006,repeated-pattern,shelf_rows,"overhead pattern study of an apartment window grid, dense repeating elements across the frame, with mild perspective skew, consistent spacing, no single dominant foreground subject.","collapsed repetition, warped grid, random missing units, mushy texture, moire artifacts, low detail",112006,kill
kill_repeated_pattern_007,repeated-pattern,window_grid,"overhead pattern study of an apartment window grid, dense repeating elements across the frame, with fine seams visible between elements, consistent spacing, no single dominant foreground subject.","collapsed repetition, warped grid, random missing units, mushy texture, moire artifacts, low detail",112007,kill
kill_repeated_pattern_008,repeated-pattern,textile_repeat,"wide documentary frame of an apartment window grid, dense repeating elements across the frame, with worn edges and slight variation, consistent spacing, no single dominant foreground subject.","collapsed repetition, warped grid, random missing units, mushy texture, moire artifacts, low detail",112008,kill
kill_repeated_pattern_009,repeated-pattern,brick_repeat,"compressed telephoto view of an apartment window grid, dense repeating elements across the frame, with soft indoor daylight, consistent spacing, no single dominant foreground subject.","collapsed repetition, warped grid, random missing units, mushy texture, moire artifacts, low detail",112009,kill
kill_repeated_pattern_010,repeated-pattern,tile_array,"compressed telephoto view of an apartment window grid, dense repeating elements across the frame, with alternating color accents, consistent spacing, no single dominant foreground subject.","collapsed repetition, warped grid, random missing units, mushy texture, moire artifacts, low detail",112010,kill
kill_repeated_pattern_011,repeated-pattern,panel_grid,"corner-to-corner crop of an apartment window grid, dense repeating elements across the frame, with subtle shadows between units, consistent spacing, no single dominant foreground subject.","collapsed repetition, warped grid, random missing units, mushy texture, moire artifacts, low detail",112011,kill
kill_repeated_pattern_012,repeated-pattern,shelf_rows,"straight-on facade crop of terracotta roof tiles, dense repeating elements across the frame, under even overcast light, consistent spacing, no single dominant foreground subject.","collapsed repetition, warped grid, random missing units, mushy texture, moire artifacts, low detail",112012,kill
kill_repeated_pattern_013,repeated-pattern,window_grid,"straight-on facade crop of terracotta roof tiles, dense repeating elements across the frame, with glossy highlights on some repeats, consistent spacing, no single dominant foreground subject.","collapsed repetition, warped grid, random missing units, mushy texture, moire artifacts, low detail",112013,kill
kill_repeated_pattern_014,repeated-pattern,textile_repeat,"oblique rooftop view of terracotta roof tiles, dense repeating elements across the frame, with mild perspective skew, consistent spacing, no single dominant foreground subject.","collapsed repetition, warped grid, random missing units, mushy texture, moire artifacts, low detail",112014,kill
kill_repeated_pattern_015,repeated-pattern,brick_repeat,"oblique rooftop view of terracotta roof tiles, dense repeating elements across the frame, with fine seams visible between elements, consistent spacing, no single dominant foreground subject.","collapsed repetition, warped grid, random missing units, mushy texture, moire artifacts, low detail",112015,kill
kill_repeated_pattern_016,repeated-pattern,tile_array,"tight material close-up of terracotta roof tiles, dense repeating elements across the frame, with worn edges and slight variation, consistent spacing, no single dominant foreground subject.","collapsed repetition, warped grid, random missing units, mushy texture, moire artifacts, low detail",112016,kill
kill_repeated_pattern_017,repeated-pattern,panel_grid,"eye-level aisle photograph of terracotta roof tiles, dense repeating elements across the frame, with soft indoor daylight, consistent spacing, no single dominant foreground subject.","collapsed repetition, warped grid, random missing units, mushy texture, moire artifacts, low detail",112017,kill
kill_repeated_pattern_018,repeated-pattern,shelf_rows,"eye-level aisle photograph of terracotta roof tiles, dense repeating elements across the frame, with alternating color accents, consistent spacing, no single dominant foreground subject.","collapsed repetition, warped grid, random missing units, mushy texture, moire artifacts, low detail",112018,kill
kill_repeated_pattern_019,repeated-pattern,window_grid,"overhead pattern study of terracotta roof tiles, dense repeating elements across the frame, with subtle shadows between units, consistent spacing, no single dominant foreground subject.","collapsed repetition, warped grid, random missing units, mushy texture, moire artifacts, low detail",112019,kill
kill_repeated_pattern_020,repeated-pattern,textile_repeat,"wide documentary frame of terracotta roof tiles, dense repeating elements across the frame, under even overcast light, consistent spacing, no single dominant foreground subject.","collapsed repetition, warped grid, random missing units, mushy texture, moire artifacts, low detail",112020,kill
kill_repeated_pattern_021,repeated-pattern,brick_repeat,"wide documentary frame of terracotta roof tiles, dense repeating elements across the frame, with glossy highlights on some repeats, consistent spacing, no single dominant foreground subject.","collapsed repetition, warped grid, random missing units, mushy texture, moire artifacts, low detail",112021,kill
kill_repeated_pattern_022,repeated-pattern,tile_array,"compressed telephoto view of terracotta roof tiles, dense repeating elements across the frame, with mild perspective skew, consistent spacing, no single dominant foreground subject.","collapsed repetition, warped grid, random missing units, mushy texture, moire artifacts, low detail",112022,kill
kill_repeated_pattern_023,repeated-pattern,panel_grid,"compressed telephoto view of terracotta roof tiles, dense repeating elements across the frame, with fine seams visible between elements, consistent spacing, no single dominant foreground subject.","collapsed repetition, warped grid, random missing units, mushy texture, moire artifacts, low detail",112023,kill
kill_repeated_pattern_024,repeated-pattern,shelf_rows,"corner-to-corner crop of terracotta roof tiles, dense repeating elements across the frame, with worn edges and slight variation, consistent spacing, no single dominant foreground subject.","collapsed repetition, warped grid, random missing units, mushy texture, moire artifacts, low detail",112024,kill
kill_repeated_pattern_025,repeated-pattern,window_grid,"straight-on facade crop of woven tartan fabric, dense repeating elements across the frame, with soft indoor daylight, consistent spacing, no single dominant foreground subject.","collapsed repetition, warped grid, random missing units, mushy texture, moire artifacts, low detail",112025,kill
kill_repeated_pattern_026,repeated-pattern,textile_repeat,"straight-on facade crop of woven tartan fabric, dense repeating elements across the frame, with alternating color accents, consistent spacing, no single dominant foreground subject.","collapsed repetition, warped grid, random missing units, mushy texture, moire artifacts, low detail",112026,kill
kill_repeated_pattern_027,repeated-pattern,brick_repeat,"oblique rooftop view of woven tartan fabric, dense repeating elements across the frame, with subtle shadows between units, consistent spacing, no single dominant foreground subject.","collapsed repetition, warped grid, random missing units, mushy texture, moire artifacts, low detail",112027,kill
kill_repeated_pattern_028,repeated-pattern,tile_array,"tight material close-up of woven tartan fabric, dense repeating elements across the frame, under even overcast light, consistent spacing, no single dominant foreground subject.","collapsed repetition, warped grid, random missing units, mushy texture, moire artifacts, low detail",112028,kill
kill_repeated_pattern_029,repeated-pattern,panel_grid,"tight material close-up of woven tartan fabric, dense repeating elements across the frame, with glossy highlights on some repeats, consistent spacing, no single dominant foreground subject.","collapsed repetition, warped grid, random missing units, mushy texture, moire artifacts, low detail",112029,kill
kill_repeated_pattern_030,repeated-pattern,shelf_rows,"eye-level aisle photograph of woven tartan fabric, dense repeating elements across the frame, with mild perspective skew, consistent spacing, no single dominant foreground subject.","collapsed repetition, warped grid, random missing units, mushy texture, moire artifacts, low detail",112030,kill
kill_repeated_pattern_031,repeated-pattern,window_grid,"eye-level aisle photograph of woven tartan fabric, dense repeating elements across the frame, with fine seams visible between elements, consistent spacing, no single dominant foreground subject.","collapsed repetition, warped grid, random missing units, mushy texture, moire artifacts, low detail",112031,kill
kill_repeated_pattern_032,repeated-pattern,textile_repeat,"overhead pattern study of woven tartan fabric, dense repeating elements across the frame, with worn edges and slight variation, consistent spacing, no single dominant foreground subject.","collapsed repetition, warped grid, random missing units, mushy texture, moire artifacts, low detail",112032,kill
kill_repeated_pattern_033,repeated-pattern,brick_repeat,"wide documentary frame of woven tartan fabric, dense repeating elements across the frame, with soft indoor daylight, consistent spacing, no single dominant foreground subject.","collapsed repetition, warped grid, random missing units, mushy texture, moire artifacts, low detail",112033,kill
kill_repeated_pattern_034,repeated-pattern,tile_array,"wide documentary frame of woven tartan fabric, dense repeating elements across the frame, with alternating color accents, consistent spacing, no single dominant foreground subject.","collapsed repetition, warped grid, random missing units, mushy texture, moire artifacts, low detail",112034,kill
kill_repeated_pattern_035,repeated-pattern,panel_grid,"compressed telephoto view of woven tartan fabric, dense repeating elements across the frame, with subtle shadows between units, consistent spacing, no single dominant foreground subject.","collapsed repetition, warped grid, random missing units, mushy texture, moire artifacts, low detail",112035,kill
kill_repeated_pattern_036,repeated-pattern,shelf_rows,"corner-to-corner crop of woven tartan fabric, dense repeating elements across the frame, under even overcast light, consistent spacing, no single dominant foreground subject.","collapsed repetition, warped grid, random missing units, mushy texture, moire artifacts, low detail",112036,kill
kill_repeated_pattern_037,repeated-pattern,window_grid,"corner-to-corner crop of woven tartan fabric, dense repeating elements across the frame, with glossy highlights on some repeats, consistent spacing, no single dominant foreground subject.","collapsed repetition, warped grid, random missing units, mushy texture, moire artifacts, low detail",112037,kill
kill_repeated_pattern_038,repeated-pattern,textile_repeat,"straight-on facade crop of bookshelf spines, dense repeating elements across the frame, with mild perspective skew, consistent spacing, no single dominant foreground subject.","collapsed repetition, warped grid, random missing units, mushy texture, moire artifacts, low detail",112038,kill
kill_repeated_pattern_039,repeated-pattern,brick_repeat,"straight-on facade crop of bookshelf spines, dense repeating elements across the frame, with fine seams visible between elements, consistent spacing, no single dominant foreground subject.","collapsed repetition, warped grid, random missing units, mushy texture, moire artifacts, low detail",112039,kill
kill_repeated_pattern_040,repeated-pattern,tile_array,"oblique rooftop view of bookshelf spines, dense repeating elements across the frame, with worn edges and slight variation, consistent spacing, no single dominant foreground subject.","collapsed repetition, warped grid, random missing units, mushy texture, moire artifacts, low detail",112040,kill
kill_repeated_pattern_041,repeated-pattern,panel_grid,"tight material close-up of bookshelf spines, dense repeating elements across the frame, with soft indoor daylight, consistent spacing, no single dominant foreground subject.","collapsed repetition, warped grid, random missing units, mushy texture, moire artifacts, low detail",112041,kill
kill_repeated_pattern_042,repeated-pattern,shelf_rows,"tight material close-up of bookshelf spines, dense repeating elements across the frame, with alternating color accents, consistent spacing, no single dominant foreground subject.","collapsed repetition, warped grid, random missing units, mushy texture, moire artifacts, low detail",112042,kill
kill_repeated_pattern_043,repeated-pattern,window_grid,"eye-level aisle photograph of bookshelf spines, dense repeating elements across the frame, with subtle shadows between units, consistent spacing, no single dominant foreground subject.","collapsed repetition, warped grid, random missing units, mushy texture, moire artifacts, low detail",112043,kill
kill_repeated_pattern_044,repeated-pattern,textile_repeat,"overhead pattern study of bookshelf spines, dense repeating elements across the frame, under even overcast light, consistent spacing, no single dominant foreground subject.","collapsed repetition, warped grid, random missing units, mushy texture, moire artifacts, low detail",112044,kill
kill_repeated_pattern_045,repeated-pattern,brick_repeat,"overhead pattern study of bookshelf spines, dense repeating elements across the frame, with glossy highlights on some repeats, consistent spacing, no single dominant foreground subject.","collapsed repetition, warped grid, random missing units, mushy texture, moire artifacts, low detail",112045,kill
kill_repeated_pattern_046,repeated-pattern,tile_array,"wide documentary frame of bookshelf spines, dense repeating elements across the frame, with mild perspective skew, consistent spacing, no single dominant foreground subject.","collapsed repetition, warped grid, random missing units, mushy texture, moire artifacts, low detail",112046,kill
kill_repeated_pattern_047,repeated-pattern,panel_grid,"wide documentary frame of bookshelf spines, dense repeating elements across the frame, with fine seams visible between elements, consistent spacing, no single dominant foreground subject.","collapsed repetition, warped grid, random missing units, mushy texture, moire artifacts, low detail",112047,kill
kill_repeated_pattern_048,repeated-pattern,shelf_rows,"compressed telephoto view of bookshelf spines, dense repeating elements across the frame, with worn edges and slight variation, consistent spacing, no single dominant foreground subject.","collapsed repetition, warped grid, random missing units, mushy texture, moire artifacts, low detail",112048,kill
kill_faces_001,faces,eyelashes,"portrait of an elderly fisherman in a knit cap, window-lit studio backdrop, with a restrained smile, realistic skin texture, clear beard stubble along the jaw, natural color, cinematic but true-to-life detail.","distorted anatomy, duplicate features, waxy skin, blurred eyes, smeared hair strands, extra teeth, low detail",113001,kill
kill_faces_002,faces,hairline,"portrait of an elderly fisherman in a knit cap, window-lit studio backdrop, in half profile, realistic skin texture, clear freckles and pores across the cheeks, natural color, cinematic but true-to-life detail.","distorted anatomy, duplicate features, waxy skin, blurred eyes, smeared hair strands, extra teeth, low detail",113002,kill
kill_faces_003,faces,pores,"portrait of an elderly fisherman in a knit cap, window-lit studio backdrop, caught mid-laugh, realistic skin texture, clear fine baby hairs along the hairline, natural color, cinematic but true-to-life detail.","distorted anatomy, duplicate features, waxy skin, blurred eyes, smeared hair strands, extra teeth, low detail",113003,kill
kill_faces_004,faces,freckles,"portrait of an elderly fisherman in a knit cap, window-lit studio backdrop, with a serious relaxed expression, realistic skin texture, clear eyelashes and iris detail, natural color, cinematic but true-to-life detail.","distorted anatomy, duplicate features, waxy skin, blurred eyes, smeared hair strands, extra teeth, low detail",113004,kill
kill_faces_005,faces,teeth_detail,"portrait of an elderly fisherman in a knit cap, window-lit studio backdrop, with a serious relaxed expression, realistic skin texture, clear soft makeup edges around the eyes, natural color, cinematic but true-to-life detail.","distorted anatomy, duplicate features, waxy skin, blurred eyes, smeared hair strands, extra teeth, low detail",113005,kill
kill_faces_006,faces,stubble,"portrait of an elderly fisherman in a knit cap, window-lit studio backdrop, glancing just off-camera, realistic skin texture, clear strands escaping from a braid, natural color, cinematic but true-to-life detail.","distorted anatomy, duplicate features, waxy skin, blurred eyes, smeared hair strands, extra teeth, low detail",113006,kill
kill_faces_007,faces,wrinkle_lines,"portrait of an elderly fisherman in a knit cap, window-lit studio backdrop, after a long blink, realistic skin texture, clear eyebrow hairs and skin sheen, natural color, cinematic but true-to-life detail.","distorted anatomy, duplicate features, waxy skin, blurred eyes, smeared hair strands, extra teeth, low detail",113007,kill
kill_faces_008,faces,makeup_edge,"portrait of an elderly fisherman in a knit cap, window-lit studio backdrop, with calm concentration, realistic skin texture, clear teeth edges in a natural smile, natural color, cinematic but true-to-life detail.","distorted anatomy, duplicate features, waxy skin, blurred eyes, smeared hair strands, extra teeth, low detail",113008,kill
kill_faces_009,faces,eyelashes,"portrait of an elderly fisherman in a knit cap, rainy neon street at dusk, looking directly into the camera, realistic skin texture, clear lip texture and cupid's bow, natural color, cinematic but true-to-life detail.","distorted anatomy, duplicate features, waxy skin, blurred eyes, smeared hair strands, extra teeth, low detail",113009,kill
kill_faces_010,faces,hairline,"portrait of an elderly fisherman in a knit cap, rainy neon street at dusk, with a restrained smile, realistic skin texture, clear crow's feet and smile lines, natural color, cinematic but true-to-life detail.","distorted anatomy, duplicate features, waxy skin, blurred eyes, smeared hair strands, extra teeth, low detail",113010,kill
kill_faces_011,faces,pores,"portrait of an elderly fisherman in a knit cap, rainy neon street at dusk, in half profile, realistic skin texture, clear beard stubble along the jaw, natural color, cinematic but true-to-life detail.","distorted anatomy, duplicate features, waxy skin, blurred eyes, smeared hair strands, extra teeth, low detail",113011,kill
kill_faces_012,faces,freckles,"portrait of an elderly fisherman in a knit cap, rainy neon street at dusk, caught mid-laugh, realistic skin texture, clear freckles and pores across the cheeks, natural color, cinematic but true-to-life detail.","distorted anatomy, duplicate features, waxy skin, blurred eyes, smeared hair strands, extra teeth, low detail",113012,kill
kill_faces_013,faces,teeth_detail,"portrait of an elderly fisherman in a knit cap, rainy neon street at dusk, with a serious relaxed expression, realistic skin texture, clear fine baby hairs along the hairline, natural color, cinematic but true-to-life detail.","distorted anatomy, duplicate features, waxy skin, blurred eyes, smeared hair strands, extra teeth, low detail",113013,kill
kill_faces_014,faces,stubble,"portrait of an elderly fisherman in a knit cap, rainy neon street at dusk, glancing just off-camera, realistic skin texture, clear eyelashes and iris detail, natural color, cinematic but true-to-life detail.","distorted anatomy, duplicate features, waxy skin, blurred eyes, smeared hair strands, extra teeth, low detail",113014,kill
kill_faces_015,faces,wrinkle_lines,"portrait of an elderly fisherman in a knit cap, rainy neon street at dusk, glancing just off-camera, realistic skin texture, clear soft makeup edges around the eyes, natural color, cinematic but true-to-life detail.","distorted anatomy, duplicate features, waxy skin, blurred eyes, smeared hair strands, extra teeth, low detail",113015,kill
kill_faces_016,faces,makeup_edge,"portrait of an elderly fisherman in a knit cap, rainy neon street at dusk, after a long blink, realistic skin texture, clear strands escaping from a braid, natural color, cinematic but true-to-life detail.","distorted anatomy, duplicate features, waxy skin, blurred eyes, smeared hair strands, extra teeth, low detail",113016,kill
kill_faces_017,faces,eyelashes,"portrait of an elderly fisherman in a knit cap, rainy neon street at dusk, with calm concentration, realistic skin texture, clear eyebrow hairs and skin sheen, natural color, cinematic but true-to-life detail.","distorted anatomy, duplicate features, waxy skin, blurred eyes, smeared hair strands, extra teeth, low detail",113017,kill
kill_faces_018,faces,hairline,"portrait of an elderly fisherman in a knit cap, greenhouse shade, looking directly into the camera, realistic skin texture, clear teeth edges in a natural smile, natural color, cinematic but true-to-life detail.","distorted anatomy, duplicate features, waxy skin, blurred eyes, smeared hair strands, extra teeth, low detail",113018,kill
kill_faces_019,faces,pores,"portrait of an elderly fisherman in a knit cap, greenhouse shade, with a restrained smile, realistic skin texture, clear lip texture and cupid's bow, natural color, cinematic but true-to-life detail.","distorted anatomy, duplicate features, waxy skin, blurred eyes, smeared hair strands, extra teeth, low detail",113019,kill
kill_faces_020,faces,freckles,"portrait of an elderly fisherman in a knit cap, greenhouse shade, in half profile, realistic skin texture, clear crow's feet and smile lines, natural color, cinematic but true-to-life detail.","distorted anatomy, duplicate features, waxy skin, blurred eyes, smeared hair strands, extra teeth, low detail",113020,kill
kill_faces_021,faces,teeth_detail,"portrait of an elderly fisherman in a knit cap, greenhouse shade, caught mid-laugh, realistic skin texture, clear beard stubble along the jaw, natural color, cinematic but true-to-life detail.","distorted anatomy, duplicate features, waxy skin, blurred eyes, smeared hair strands, extra teeth, low detail",113021,kill
kill_faces_022,faces,stubble,"portrait of an elderly fisherman in a knit cap, greenhouse shade, with a serious relaxed expression, realistic skin texture, clear freckles and pores across the cheeks, natural color, cinematic but true-to-life detail.","distorted anatomy, duplicate features, waxy skin, blurred eyes, smeared hair strands, extra teeth, low detail",113022,kill
kill_faces_023,faces,wrinkle_lines,"portrait of an elderly fisherman in a knit cap, greenhouse shade, glancing just off-camera, realistic skin texture, clear fine baby hairs along the hairline, natural color, cinematic but true-to-life detail.","distorted anatomy, duplicate features, waxy skin, blurred eyes, smeared hair strands, extra teeth, low detail",113023,kill
kill_faces_024,faces,makeup_edge,"portrait of an elderly fisherman in a knit cap, greenhouse shade, after a long blink, realistic skin texture, clear eyelashes and iris detail, natural color, cinematic but true-to-life detail.","distorted anatomy, duplicate features, waxy skin, blurred eyes, smeared hair strands, extra teeth, low detail",113024,kill
kill_faces_025,faces,eyelashes,"portrait of an elderly fisherman in a knit cap, greenhouse shade, after a long blink, realistic skin texture, clear soft makeup edges around the eyes, natural color, cinematic but true-to-life detail.","distorted anatomy, duplicate features, waxy skin, blurred eyes, smeared hair strands, extra teeth, low detail",113025,kill
kill_faces_026,faces,hairline,"portrait of an elderly fisherman in a knit cap, greenhouse shade, with calm concentration, realistic skin texture, clear strands escaping from a braid, natural color, cinematic but true-to-life detail.","distorted anatomy, duplicate features, waxy skin, blurred eyes, smeared hair strands, extra teeth, low detail",113026,kill
kill_faces_027,faces,pores,"portrait of an elderly fisherman in a knit cap, morning kitchen light, looking directly into the camera, realistic skin texture, clear eyebrow hairs and skin sheen, natural color, cinematic but true-to-life detail.","distorted anatomy, duplicate features, waxy skin, blurred eyes, smeared hair strands, extra teeth, low detail",113027,kill
kill_faces_028,faces,freckles,"portrait of an elderly fisherman in a knit cap, morning kitchen light, with a restrained smile, realistic skin texture, clear teeth edges in a natural smile, natural color, cinematic but true-to-life detail.","distorted anatomy, duplicate features, waxy skin, blurred eyes, smeared hair strands, extra teeth, low detail",113028,kill
kill_faces_029,faces,teeth_detail,"portrait of an elderly fisherman in a knit cap, morning kitchen light, in half profile, realistic skin texture, clear lip texture and cupid's bow, natural color, cinematic but true-to-life detail.","distorted anatomy, duplicate features, waxy skin, blurred eyes, smeared hair strands, extra teeth, low detail",113029,kill
kill_faces_030,faces,stubble,"portrait of an elderly fisherman in a knit cap, morning kitchen light, caught mid-laugh, realistic skin texture, clear crow's feet and smile lines, natural color, cinematic but true-to-life detail.","distorted anatomy, duplicate features, waxy skin, blurred eyes, smeared hair strands, extra teeth, low detail",113030,kill
kill_faces_031,faces,wrinkle_lines,"portrait of an elderly fisherman in a knit cap, morning kitchen light, with a serious relaxed expression, realistic skin texture, clear beard stubble along the jaw, natural color, cinematic but true-to-life detail.","distorted anatomy, duplicate features, waxy skin, blurred eyes, smeared hair strands, extra teeth, low detail",113031,kill
kill_faces_032,faces,makeup_edge,"portrait of an elderly fisherman in a knit cap, morning kitchen light, glancing just off-camera, realistic skin texture, clear freckles and pores across the cheeks, natural color, cinematic but true-to-life detail.","distorted anatomy, duplicate features, waxy skin, blurred eyes, smeared hair strands, extra teeth, low detail",113032,kill
kill_faces_033,faces,eyelashes,"portrait of an elderly fisherman in a knit cap, morning kitchen light, after a long blink, realistic skin texture, clear fine baby hairs along the hairline, natural color, cinematic but true-to-life detail.","distorted anatomy, duplicate features, waxy skin, blurred eyes, smeared hair strands, extra teeth, low detail",113033,kill
kill_faces_034,faces,hairline,"portrait of an elderly fisherman in a knit cap, morning kitchen light, with calm concentration, realistic skin texture, clear eyelashes and iris detail, natural color, cinematic but true-to-life detail.","distorted anatomy, duplicate features, waxy skin, blurred eyes, smeared hair strands, extra teeth, low detail",113034,kill
kill_faces_035,faces,pores,"portrait of an elderly fisherman in a knit cap, morning kitchen light, with calm concentration, realistic skin texture, clear soft makeup edges around the eyes, natural color, cinematic but true-to-life detail.","distorted anatomy, duplicate features, waxy skin, blurred eyes, smeared hair strands, extra teeth, low detail",113035,kill
kill_faces_036,faces,freckles,"portrait of an elderly fisherman in a knit cap, soft gray seamless paper, looking directly into the camera, realistic skin texture, clear strands escaping from a braid, natural color, cinematic but true-to-life detail.","distorted anatomy, duplicate features, waxy skin, blurred eyes, smeared hair strands, extra teeth, low detail",113036,kill
kill_faces_037,faces,teeth_detail,"portrait of an elderly fisherman in a knit cap, soft gray seamless paper, with a restrained smile, realistic skin texture, clear eyebrow hairs and skin sheen, natural color, cinematic but true-to-life detail.","distorted anatomy, duplicate features, waxy skin, blurred eyes, smeared hair strands, extra teeth, low detail",113037,kill
kill_faces_038,faces,stubble,"portrait of an elderly fisherman in a knit cap, soft gray seamless paper, in half profile, realistic skin texture, clear teeth edges in a natural smile, natural color, cinematic but true-to-life detail.","distorted anatomy, duplicate features, waxy skin, blurred eyes, smeared hair strands, extra teeth, low detail",113038,kill
kill_faces_039,faces,wrinkle_lines,"portrait of an elderly fisherman in a knit cap, soft gray seamless paper, caught mid-laugh, realistic skin texture, clear lip texture and cupid's bow, natural color, cinematic but true-to-life detail.","distorted anatomy, duplicate features, waxy skin, blurred eyes, smeared hair strands, extra teeth, low detail",113039,kill
kill_faces_040,faces,makeup_edge,"portrait of an elderly fisherman in a knit cap, soft gray seamless paper, with a serious relaxed expression, realistic skin texture, clear crow's feet and smile lines, natural color, cinematic but true-to-life detail.","distorted anatomy, duplicate features, waxy skin, blurred eyes, smeared hair strands, extra teeth, low detail",113040,kill
kill_faces_041,faces,eyelashes,"portrait of an elderly fisherman in a knit cap, soft gray seamless paper, glancing just off-camera, realistic skin texture, clear beard stubble along the jaw, natural color, cinematic but true-to-life detail.","distorted anatomy, duplicate features, waxy skin, blurred eyes, smeared hair strands, extra teeth, low detail",113041,kill
kill_faces_042,faces,hairline,"portrait of an elderly fisherman in a knit cap, soft gray seamless paper, after a long blink, realistic skin texture, clear freckles and pores across the cheeks, natural color, cinematic but true-to-life detail.","distorted anatomy, duplicate features, waxy skin, blurred eyes, smeared hair strands, extra teeth, low detail",113042,kill
kill_faces_043,faces,pores,"portrait of an elderly fisherman in a knit cap, soft gray seamless paper, with calm concentration, realistic skin texture, clear fine baby hairs along the hairline, natural color, cinematic but true-to-life detail.","distorted anatomy, duplicate features, waxy skin, blurred eyes, smeared hair strands, extra teeth, low detail",113043,kill
kill_faces_044,faces,freckles,"portrait of an elderly fisherman in a knit cap, sunlit library aisle, looking directly into the camera, realistic skin texture, clear eyelashes and iris detail, natural color, cinematic but true-to-life detail.","distorted anatomy, duplicate features, waxy skin, blurred eyes, smeared hair strands, extra teeth, low detail",113044,kill
kill_faces_045,faces,teeth_detail,"portrait of an elderly fisherman in a knit cap, sunlit library aisle, looking directly into the camera, realistic skin texture, clear soft makeup edges around the eyes, natural color, cinematic but true-to-life detail.","distorted anatomy, duplicate features, waxy skin, blurred eyes, smeared hair strands, extra teeth, low detail",113045,kill
kill_faces_046,faces,stubble,"portrait of an elderly fisherman in a knit cap, sunlit library aisle, with a restrained smile, realistic skin texture, clear strands escaping from a braid, natural color, cinematic but true-to-life detail.","distorted anatomy, duplicate features, waxy skin, blurred eyes, smeared hair strands, extra teeth, low detail",113046,kill
kill_faces_047,faces,wrinkle_lines,"portrait of an elderly fisherman in a knit cap, sunlit library aisle, in half profile, realistic skin texture, clear eyebrow hairs and skin sheen, natural color, cinematic but true-to-life detail.","distorted anatomy, duplicate features, waxy skin, blurred eyes, smeared hair strands, extra teeth, low detail",113047,kill
kill_faces_048,faces,makeup_edge,"portrait of an elderly fisherman in a knit cap, sunlit library aisle, caught mid-laugh, realistic skin texture, clear teeth edges in a natural smile, natural color, cinematic but true-to-life detail.","distorted anatomy, duplicate features, waxy skin, blurred eyes, smeared hair strands, extra teeth, low detail",113048,kill
kill_mixed_scenes_001,mixed scenes,multi_object_clutter,"angled tabletop overview of an open-air fish market stall with hanging price tags, stacked crates, and reflective metal bowls, with warm late-afternoon sun, many small objects, layered depth, realistic textures throughout.","missing small objects, oversmoothed textures, warped geometry, duplicated items, muddy reflections, low detail",114001,kill
kill_mixed_scenes_002,mixed scenes,occlusion_overlap,"front corner view of an open-air fish market stall with hanging price tags, stacked crates, and reflective metal bowls, under mixed daylight and fluorescent light, many small objects, layered depth, realistic textures throughout.","missing small objects, oversmoothed textures, warped geometry, duplicated items, muddy reflections, low detail",114002,kill
kill_mixed_scenes_003,mixed scenes,reflection_mix,"front corner view of an open-air fish market stall with hanging price tags, stacked crates, and reflective metal bowls, with practical task lighting, many small objects, layered depth, realistic textures throughout.","missing small objects, oversmoothed textures, warped geometry, duplicated items, muddy reflections, low detail",114003,kill
kill_mixed_scenes_004,mixed scenes,layered_depth,"slightly elevated aisle view of an open-air fish market stall with hanging price tags, stacked crates, and reflective metal bowls, with night neon spill from outside, many small objects, layered depth, realistic textures throughout.","missing small objects, oversmoothed textures, warped geometry, duplicated items, muddy reflections, low detail",114004,kill
kill_mixed_scenes_005,mixed scenes,small_text_plus_geometry,"tight room corner crop of an open-air fish market stall with hanging price tags, stacked crates, and reflective metal bowls, with soft diffused window light, many small objects, layered depth, realistic textures throughout.","missing small objects, oversmoothed textures, warped geometry, duplicated items, muddy reflections, low detail",114005,kill
kill_mixed_scenes_006,mixed scenes,foliage_plus_tools,"eye-level workstation shot of an open-air fish market stall with hanging price tags, stacked crates, and reflective metal bowls, with layered depth from foreground to background, many small objects, layered depth, realistic textures throughout.","missing small objects, oversmoothed textures, warped geometry, duplicated items, muddy reflections, low detail",114006,kill
kill_mixed_scenes_007,mixed scenes,crowdless_dense_scene,"overhead bench photo of an open-air fish market stall with hanging price tags, stacked crates, and reflective metal bowls, with reflective highlights on metal surfaces, many small objects, layered depth, realistic textures throughout.","missing small objects, oversmoothed textures, warped geometry, duplicated items, muddy reflections, low detail",114007,kill
kill_mixed_scenes_008,mixed scenes,specular_and_matte_mix,"wide documentary frame of an open-air fish market stall with hanging price tags, stacked crates, and handwritten notes, with cool shadow pockets, many small objects, layered depth, realistic textures throughout.","missing small objects, oversmoothed textures, warped geometry, duplicated items, muddy reflections, low detail",114008,kill
kill_mixed_scenes_009,mixed scenes,multi_object_clutter,"waist-level interior shot of an open-air fish market stall with hanging price tags, stacked crates, and handwritten notes, with warm late-afternoon sun, many small objects, layered depth, realistic textures throughout.","missing small objects, oversmoothed textures, warped geometry, duplicated items, muddy reflections, low detail",114009,kill
kill_mixed_scenes_010,mixed scenes,occlusion_overlap,"angled tabletop overview of an open-air fish market stall with hanging price tags, stacked crates, and handwritten notes, under mixed daylight and fluorescent light, many small objects, layered depth, realistic textures throughout.","missing small objects, oversmoothed textures, warped geometry, duplicated items, muddy reflections, low detail",114010,kill
kill_mixed_scenes_011,mixed scenes,reflection_mix,"angled tabletop overview of an open-air fish market stall with hanging price tags, stacked crates, and handwritten notes, with practical task lighting, many small objects, layered depth, realistic textures throughout.","missing small objects, oversmoothed textures, warped geometry, duplicated items, muddy reflections, low detail",114011,kill
kill_mixed_scenes_012,mixed scenes,layered_depth,"front corner view of an open-air fish market stall with hanging price tags, stacked crates, and handwritten notes, with night neon spill from outside, many small objects, layered depth, realistic textures throughout.","missing small objects, oversmoothed textures, warped geometry, duplicated items, muddy reflections, low detail",114012,kill
kill_mixed_scenes_013,mixed scenes,small_text_plus_geometry,"slightly elevated aisle view of an open-air fish market stall with hanging price tags, stacked crates, and handwritten notes, with soft diffused window light, many small objects, layered depth, realistic textures throughout.","missing small objects, oversmoothed textures, warped geometry, duplicated items, muddy reflections, low detail",114013,kill
kill_mixed_scenes_014,mixed scenes,foliage_plus_tools,"tight room corner crop of an open-air fish market stall with hanging price tags, stacked crates, and handwritten notes, with layered depth from foreground to background, many small objects, layered depth, realistic textures throughout.","missing small objects, oversmoothed textures, warped geometry, duplicated items, muddy reflections, low detail",114014,kill
kill_mixed_scenes_015,mixed scenes,crowdless_dense_scene,"eye-level workstation shot of an open-air fish market stall with hanging price tags, stacked crates, and handwritten notes, with reflective highlights on metal surfaces, many small objects, layered depth, realistic textures throughout.","missing small objects, oversmoothed textures, warped geometry, duplicated items, muddy reflections, low detail",114015,kill
kill_mixed_scenes_016,mixed scenes,specular_and_matte_mix,"overhead bench photo of an open-air fish market stall with hanging price tags, stacked crates, and handwritten notes, with cool shadow pockets, many small objects, layered depth, realistic textures throughout.","missing small objects, oversmoothed textures, warped geometry, duplicated items, muddy reflections, low detail",114016,kill
kill_mixed_scenes_017,mixed scenes,multi_object_clutter,"wide documentary frame of an open-air fish market stall with hanging price tags, stacked crates, and coiled cable bundles, with warm late-afternoon sun, many small objects, layered depth, realistic textures throughout.","missing small objects, oversmoothed textures, warped geometry, duplicated items, muddy reflections, low detail",114017,kill
kill_mixed_scenes_018,mixed scenes,occlusion_overlap,"waist-level interior shot of an open-air fish market stall with hanging price tags, stacked crates, and coiled cable bundles, under mixed daylight and fluorescent light, many small objects, layered depth, realistic textures throughout.","missing small objects, oversmoothed textures, warped geometry, duplicated items, muddy reflections, low detail",114018,kill
kill_mixed_scenes_019,mixed scenes,reflection_mix,"waist-level interior shot of an open-air fish market stall with hanging price tags, stacked crates, and coiled cable bundles, with practical task lighting, many small objects, layered depth, realistic textures throughout.","missing small objects, oversmoothed textures, warped geometry, duplicated items, muddy reflections, low detail",114019,kill
kill_mixed_scenes_020,mixed scenes,layered_depth,"angled tabletop overview of an open-air fish market stall with hanging price tags, stacked crates, and coiled cable bundles, with night neon spill from outside, many small objects, layered depth, realistic textures throughout.","missing small objects, oversmoothed textures, warped geometry, duplicated items, muddy reflections, low detail",114020,kill
kill_mixed_scenes_021,mixed scenes,small_text_plus_geometry,"front corner view of an open-air fish market stall with hanging price tags, stacked crates, and coiled cable bundles, with soft diffused window light, many small objects, layered depth, realistic textures throughout.","missing small objects, oversmoothed textures, warped geometry, duplicated items, muddy reflections, low detail",114021,kill
kill_mixed_scenes_022,mixed scenes,foliage_plus_tools,"slightly elevated aisle view of an open-air fish market stall with hanging price tags, stacked crates, and coiled cable bundles, with layered depth from foreground to background, many small objects, layered depth, realistic textures throughout.","missing small objects, oversmoothed textures, warped geometry, duplicated items, muddy reflections, low detail",114022,kill
kill_mixed_scenes_023,mixed scenes,crowdless_dense_scene,"tight room corner crop of an open-air fish market stall with hanging price tags, stacked crates, and coiled cable bundles, with reflective highlights on metal surfaces, many small objects, layered depth, realistic textures throughout.","missing small objects, oversmoothed textures, warped geometry, duplicated items, muddy reflections, low detail",114023,kill
kill_mixed_scenes_024,mixed scenes,specular_and_matte_mix,"eye-level workstation shot of an open-air fish market stall with hanging price tags, stacked crates, and coiled cable bundles, with cool shadow pockets, many small objects, layered depth, realistic textures throughout.","missing small objects, oversmoothed textures, warped geometry, duplicated items, muddy reflections, low detail",114024,kill
kill_mixed_scenes_025,mixed scenes,multi_object_clutter,"overhead bench photo of an open-air fish market stall with hanging price tags, stacked crates, and coiled cable bundles, with warm late-afternoon sun, many small objects, layered depth, realistic textures throughout.","missing small objects, oversmoothed textures, warped geometry, duplicated items, muddy reflections, low detail",114025,kill
kill_mixed_scenes_026,mixed scenes,occlusion_overlap,"wide documentary frame of an open-air fish market stall with hanging price tags, stacked crates, and small LCD screens, under mixed daylight and fluorescent light, many small objects, layered depth, realistic textures throughout.","missing small objects, oversmoothed textures, warped geometry, duplicated items, muddy reflections, low detail",114026,kill
kill_mixed_scenes_027,mixed scenes,reflection_mix,"wide documentary frame of an open-air fish market stall with hanging price tags, stacked crates, and small LCD screens, with practical task lighting, many small objects, layered depth, realistic textures throughout.","missing small objects, oversmoothed textures, warped geometry, duplicated items, muddy reflections, low detail",114027,kill
kill_mixed_scenes_028,mixed scenes,layered_depth,"waist-level interior shot of an open-air fish market stall with hanging price tags, stacked crates, and small LCD screens, with night neon spill from outside, many small objects, layered depth, realistic textures throughout.","missing small objects, oversmoothed textures, warped geometry, duplicated items, muddy reflections, low detail",114028,kill
kill_mixed_scenes_029,mixed scenes,small_text_plus_geometry,"angled tabletop overview of an open-air fish market stall with hanging price tags, stacked crates, and small LCD screens, with soft diffused window light, many small objects, layered depth, realistic textures throughout.","missing small objects, oversmoothed textures, warped geometry, duplicated items, muddy reflections, low detail",114029,kill
kill_mixed_scenes_030,mixed scenes,foliage_plus_tools,"front corner view of an open-air fish market stall with hanging price tags, stacked crates, and small LCD screens, with layered depth from foreground to background, many small objects, layered depth, realistic textures throughout.","missing small objects, oversmoothed textures, warped geometry, duplicated items, muddy reflections, low detail",114030,kill
kill_mixed_scenes_031,mixed scenes,crowdless_dense_scene,"slightly elevated aisle view of an open-air fish market stall with hanging price tags, stacked crates, and small LCD screens, with reflective highlights on metal surfaces, many small objects, layered depth, realistic textures throughout.","missing small objects, oversmoothed textures, warped geometry, duplicated items, muddy reflections, low detail",114031,kill
kill_mixed_scenes_032,mixed scenes,specular_and_matte_mix,"tight room corner crop of an open-air fish market stall with hanging price tags, stacked crates, and small LCD screens, with cool shadow pockets, many small objects, layered depth, realistic textures throughout.","missing small objects, oversmoothed textures, warped geometry, duplicated items, muddy reflections, low detail",114032,kill
kill_mixed_scenes_033,mixed scenes,multi_object_clutter,"eye-level workstation shot of an open-air fish market stall with hanging price tags, stacked crates, and small LCD screens, with warm late-afternoon sun, many small objects, layered depth, realistic textures throughout.","missing small objects, oversmoothed textures, warped geometry, duplicated items, muddy reflections, low detail",114033,kill
kill_mixed_scenes_034,mixed scenes,occlusion_overlap,"overhead bench photo of an open-air fish market stall with hanging price tags, stacked crates, and small LCD screens, under mixed daylight and fluorescent light, many small objects, layered depth, realistic textures throughout.","missing small objects, oversmoothed textures, warped geometry, duplicated items, muddy reflections, low detail",114034,kill
kill_mixed_scenes_035,mixed scenes,reflection_mix,"overhead bench photo of an open-air fish market stall with hanging price tags, stacked crates, and small LCD screens, with practical task lighting, many small objects, layered depth, realistic textures throughout.","missing small objects, oversmoothed textures, warped geometry, duplicated items, muddy reflections, low detail",114035,kill
kill_mixed_scenes_036,mixed scenes,layered_depth,"wide documentary frame of an open-air fish market stall with hanging price tags, stacked crates, and glass jars, with night neon spill from outside, many small objects, layered depth, realistic textures throughout.","missing small objects, oversmoothed textures, warped geometry, duplicated items, muddy reflections, low detail",114036,kill
kill_mixed_scenes_037,mixed scenes,small_text_plus_geometry,"waist-level interior shot of an open-air fish market stall with hanging price tags, stacked crates, and glass jars, with soft diffused window light, many small objects, layered depth, realistic textures throughout.","missing small objects, oversmoothed textures, warped geometry, duplicated items, muddy reflections, low detail",114037,kill
kill_mixed_scenes_038,mixed scenes,foliage_plus_tools,"angled tabletop overview of an open-air fish market stall with hanging price tags, stacked crates, and glass jars, with layered depth from foreground to background, many small objects, layered depth, realistic textures throughout.","missing small objects, oversmoothed textures, warped geometry, duplicated items, muddy reflections, low detail",114038,kill
kill_mixed_scenes_039,mixed scenes,crowdless_dense_scene,"front corner view of an open-air fish market stall with hanging price tags, stacked crates, and glass jars, with reflective highlights on metal surfaces, many small objects, layered depth, realistic textures throughout.","missing small objects, oversmoothed textures, warped geometry, duplicated items, muddy reflections, low detail",114039,kill
kill_mixed_scenes_040,mixed scenes,specular_and_matte_mix,"slightly elevated aisle view of an open-air fish market stall with hanging price tags, stacked crates, and glass jars, with cool shadow pockets, many small objects, layered depth, realistic textures throughout.","missing small objects, oversmoothed textures, warped geometry, duplicated items, muddy reflections, low detail",114040,kill
kill_mixed_scenes_041,mixed scenes,multi_object_clutter,"tight room corner crop of an open-air fish market stall with hanging price tags, stacked crates, and glass jars, with warm late-afternoon sun, many small objects, layered depth, realistic textures throughout.","missing small objects, oversmoothed textures, warped geometry, duplicated items, muddy reflections, low detail",114041,kill
kill_mixed_scenes_042,mixed scenes,occlusion_overlap,"eye-level workstation shot of an open-air fish market stall with hanging price tags, stacked crates, and glass jars, under mixed daylight and fluorescent light, many small objects, layered depth, realistic textures throughout.","missing small objects, oversmoothed textures, warped geometry, duplicated items, muddy reflections, low detail",114042,kill
kill_mixed_scenes_043,mixed scenes,reflection_mix,"eye-level workstation shot of an open-air fish market stall with hanging price tags, stacked crates, and glass jars, with practical task lighting, many small objects, layered depth, realistic textures throughout.","missing small objects, oversmoothed textures, warped geometry, duplicated items, muddy reflections, low detail",114043,kill
kill_mixed_scenes_044,mixed scenes,layered_depth,"overhead bench photo of an open-air fish market stall with hanging price tags, stacked crates, and glass jars, with night neon spill from outside, many small objects, layered depth, realistic textures throughout.","missing small objects, oversmoothed textures, warped geometry, duplicated items, muddy reflections, low detail",114044,kill
kill_mixed_scenes_045,mixed scenes,small_text_plus_geometry,"wide documentary frame of an open-air fish market stall with hanging price tags, stacked crates, and measuring tools, with soft diffused window light, many small objects, layered depth, realistic textures throughout.","missing small objects, oversmoothed textures, warped geometry, duplicated items, muddy reflections, low detail",114045,kill
kill_mixed_scenes_046,mixed scenes,foliage_plus_tools,"waist-level interior shot of an open-air fish market stall with hanging price tags, stacked crates, and measuring tools, with layered depth from foreground to background, many small objects, layered depth, realistic textures throughout.","missing small objects, oversmoothed textures, warped geometry, duplicated items, muddy reflections, low detail",114046,kill
kill_mixed_scenes_047,mixed scenes,crowdless_dense_scene,"angled tabletop overview of an open-air fish market stall with hanging price tags, stacked crates, and measuring tools, with reflective highlights on metal surfaces, many small objects, layered depth, realistic textures throughout.","missing small objects, oversmoothed textures, warped geometry, duplicated items, muddy reflections, low detail",114047,kill
kill_mixed_scenes_048,mixed scenes,specular_and_matte_mix,"front corner view of an open-air fish market stall with hanging price tags, stacked crates, and measuring tools, with cool shadow pockets, many small objects, layered depth, realistic textures throughout.","missing small objects, oversmoothed textures, warped geometry, duplicated items, muddy reflections, low detail",114048,kill
